№;Дата;Оперативный_№_ПС_РП;Оперативный_№_ВЛ_КЛ;Время_откл;Длительность_простоя_часы;Причина_откл;Недоотпуск_кВт_ч;Кол_во_потр_физ;Кол_во_потр_юрид;Погода_тип;Температура_C;Скорость_ветра_мс;Вид_ремонта;Месяц;День_недели;Час;Сезон;Кол_во_откл
1;2025-01-01 00:00:00.000000000;13;15;10:07:00;4.83;МТЗ (перегруз);516;1248;330;облачно;27;9.0;текущий;1;2;10;Зима;1
2;2025-01-01 05:49:40.386924616;102;88;11:29:00;1.78;МТЗ (перегруз);1234;469;313;облачно;18;0.3;текущий;1;2;11;Зима;1
3;2025-01-01 11:39:20.773849232;11;188;15:14:00;3.7;Обрыв провода;4708;1909;54;гроза;31;0.7;текущий;1;2;15;Зима;1
4;2025-01-01 17:29:01.160773849;2;18;03:24:00;7.73;Повреждение опоры;2874;2622;385;облачно;21;10.2;текущий;1;2;3;Зима;1
6;2025-01-02 05:08:21.934623082;101;164;17:39:00;6.07;МТЗ (КЗ);2663;1139;259;ясно;-8;11.6;плановый;1;3;17;Зима;1
10;2025-01-03 04:27:03.482321547;2;190;07:20:00;3.17;МТЗ (КЗ);1126;801;409;гроза;34;8.1;аварийный;1;4;7;Зима;1
12;2025-01-03 16:06:24.256170780;2;9;23:00:00;1.67;МТЗ (перегруз);441;1708;418;дождь;-21;13.9;текущий;1;4;23;Зима;1
15;2025-01-04 09:35:25.416944629;101;48;22:22:00;5.38;Повреждение кабеля;2781;1905;213;снег;-25;5.7;плановый;1;5;22;Зима;1
18;2025-01-05 03:04:26.577718479;15;103;08:14:00;3.48;МТЗ (перегруз);1534;873;230;облачно;6;10.4;аварийный;1;6;8;Зима;1
21;2025-01-05 20:33:27.738492328;13;160;06:58:00;5.59;Плановый ремонт;2779;2614;61;облачно;-20;6.8;аварийный;1;6;6;Зима;1
22;2025-01-06 02:23:08.125416944;15;75;22:27:00;2.91;Плановый ремонт;1356;2690;115;ясно;-23;0.1;текущий;1;0;22;Зима;1
23;2025-01-06 08:12:48.512341561;152;51;09:43:00;2.03;МТЗ (перегруз);3793;1641;471;дождь;23;1.0;аварийный;1;0;9;Зима;1
24;2025-01-06 14:02:28.899266177;2;130;02:48:00;1.27;Авария;748;2170;1;облачно;28;0.5;аварийный;1;0;2;Зима;1
28;2025-01-07 13:21:10.446964643;158;160;22:03:00;0.74;МТЗ (КЗ);4546;776;293;ясно;26;14.8;аварийный;1;1;22;Зима;1
31;2025-01-08 06:50:11.607738492;9;70;15:28:00;6.88;МТЗ (КЗ);1419;1996;146;ясно;-19;2.6;текущий;1;2;15;Зима;1
32;2025-01-08 12:39:51.994663108;102;104;00:10:00;2.79;МТЗ (перегруз);4111;1644;262;облачно;0;14.7;текущий;1;2;0;Зима;1
33;2025-01-08 18:29:32.381587725;101;48;11:04:00;7.21;Повреждение кабеля;2106;1692;303;дождь;-6;13.3;текущий;1;2;11;Зима;1
35;2025-01-09 06:08:53.155436958;3;164;05:39:00;4.89;МТЗ (перегруз);2607;1506;98;гроза;-8;2.4;текущий;1;3;5;Зима;1
38;2025-01-09 23:37:54.316210807;101;68;00:13:00;2.67;Обрыв провода;1268;410;127;облачно;-14;7.6;текущий;1;3;0;Зима;1
39;2025-01-10 05:27:34.703135423;15;38;05:44:00;3.95;Плановый ремонт;275;807;96;облачно;7;2.9;текущий;1;4;5;Зима;1
40;2025-01-10 11:17:15.090060040;105;192;16:16:00;7.96;РПВ успешно;1119;2575;98;дождь;11;13.9;аварийный;1;4;16;Зима;1
44;2025-01-11 10:35:56.637758505;152;160;22:32:00;2.6;МТЗ (перегруз);1866;1768;53;облачно;14;1.1;аварийный;1;5;22;Зима;1
46;2025-01-11 22:15:17.411607738;17;155;09:01:00;2.65;Повреждение опоры;4391;1510;169;дождь;9;3.8;текущий;1;5;9;Зима;1
47;2025-01-12 04:04:57.798532354;2;57;03:44:00;1.63;МТЗ (перегруз);4545;2711;459;снег;-11;5.6;аварийный;1;6;3;Зима;1
49;2025-01-12 15:44:18.572381587;5;186;21:57:00;6.9;МТЗ (КЗ);4827;847;270;ясно;34;4.9;плановый;1;6;21;Зима;1
50;2025-01-12 21:33:58.959306204;11;5;06:03:00;6.75;МТЗ (перегруз);4192;2924;310;ясно;-10;14.6;текущий;1;6;6;Зима;1
51;2025-01-13 03:23:39.346230820;101;120;18:27:00;5.98;МТЗ (КЗ);166;1863;278;облачно;-14;6.1;аварийный;1;0;18;Зима;1
52;2025-01-13 09:13:19.733155436;102;96;21:47:00;1.54;Плановый ремонт;3393;1222;486;облачно;-21;9.2;аварийный;1;0;21;Зима;1
53;2025-01-13 15:03:00.120080053;105;86;13:27:00;0.46;МТЗ (перегруз);3109;462;203;ясно;0;7.4;аварийный;1;0;13;Зима;1
54;2025-01-13 20:52:40.507004669;15;101;22:57:00;4.97;Повреждение кабеля;2899;2819;146;облачно;-25;8.1;текущий;1;0;22;Зима;1
63;2025-01-16 01:19:43.989326217;13;179;10:36:00;5.04;Повреждение опоры;3963;1076;43;ясно;-14;1.5;аварийный;1;3;10;Зима;1
64;2025-01-16 07:09:24.376250833;105;81;07:28:00;6.77;МТЗ (перегруз);467;124;104;облачно;32;10.5;текущий;1;3;7;Зима;1
68;2025-01-17 06:28:05.923949299;7;101;08:23:00;6.47;Авария;4129;1581;465;ясно;6;5.1;плановый;1;4;8;Зима;1
70;2025-01-17 18:07:26.697798532;13;23;02:40:00;3.08;РПВ успешно;645;1913;216;ясно;33;1.5;аварийный;1;4;2;Зима;1
73;2025-01-18 11:36:27.858572381;11;128;19:18:00;3.99;МТЗ (перегруз);3190;405;24;облачно;-5;11.3;текущий;1;5;19;Зима;1
75;2025-01-18 23:15:48.632421614;7;186;06:13:00;4.44;МТЗ (КЗ);782;244;330;ясно;-14;10.3;плановый;1;5;6;Зима;1
78;2025-01-19 16:44:49.793195463;3;170;08:49:00;7.15;МТЗ (перегруз);3286;1455;338;облачно;19;5.6;плановый;1;6;8;Зима;1
82;2025-01-20 16:03:31.340893929;17;19;11:53:00;5.67;МТЗ (перегруз);3652;48;125;облачно;-13;6.1;текущий;1;0;11;Зима;1
88;2025-01-22 03:01:33.662441627;5;191;16:24:00;6.96;МТЗ (перегруз);183;2115;43;гроза;19;0.6;плановый;1;2;16;Зима;1
91;2025-01-22 20:30:34.823215477;105;147;19:56:00;4.23;Повреждение кабеля;3536;1406;53;облачно;-10;11.1;плановый;1;2;19;Зима;1
93;2025-01-23 08:09:55.597064709;158;152;20:07:00;1.44;Повреждение кабеля;3769;2755;315;облачно;2;5.4;аварийный;1;3;20;Зима;1
95;2025-01-23 19:49:16.370913942;5;161;20:19:00;4.86;МТЗ (КЗ);3006;1591;34;дождь;-8;6.2;текущий;1;3;20;Зима;1
97;2025-01-24 07:28:37.144763175;15;109;04:54:00;3.35;Обрыв провода;2243;233;238;ясно;-5;11.2;аварийный;1;4;4;Зима;1
100;2025-01-25 00:57:38.305537024;5;99;00:20:00;0.55;Повреждение опоры;2050;2766;350;дождь;-23;8.3;текущий;1;5;0;Зима;1
103;2025-01-25 18:26:39.466310873;15;110;00:50:00;2.27;МТЗ (перегруз);4594;890;487;облачно;2;4.0;аварийный;1;5;0;Зима;1
107;2025-01-26 17:45:21.014009339;101;54;11:04:00;0.8;Обрыв провода;4769;2824;302;облачно;11;9.3;текущий;1;6;11;Зима;1
108;2025-01-26 23:35:01.400933956;158;192;01:37:00;4.9;Повреждение кабеля;1408;2916;434;снег;26;8.2;аварийный;1;6;1;Зима;1
110;2025-01-27 11:14:22.174783188;7;51;16:04:00;6.39;РПВ успешно;3522;1363;272;ясно;-2;0.7;текущий;1;0;16;Зима;1
111;2025-01-27 17:04:02.561707805;15;43;15:10:00;0.7;МТЗ (перегруз);3495;1945;7;ясно;-22;5.2;плановый;1;0;15;Зима;1
114;2025-01-28 10:33:03.722481654;7;51;18:20:00;1.43;МТЗ (КЗ);3950;2591;404;облачно;-21;6.9;аварийный;1;1;18;Зима;1
115;2025-01-28 16:22:44.109406271;15;45;08:25:00;6.42;Повреждение кабеля;2336;1089;349;ясно;22;0.9;аварийный;1;1;8;Зима;1
118;2025-01-29 09:51:45.270180120;17;47;23:21:00;1.97;Обрыв провода;2175;374;153;ясно;30;2.0;текущий;1;2;23;Зима;1
121;2025-01-30 03:20:46.430953969;102;38;02:50:00;2.02;МТЗ (КЗ);4630;2085;201;облачно;-9;3.2;аварийный;1;3;2;Зима;1
122;2025-01-30 09:10:26.817878585;101;13;19:24:00;5.46;Обрыв провода;2206;1179;110;облачно;-4;8.8;текущий;1;3;19;Зима;1
123;2025-01-30 15:00:07.204803202;105;42;08:36:00;2.97;Повреждение кабеля;1811;1985;314;гроза;11;14.0;аварийный;1;3;8;Зима;1
124;2025-01-30 20:49:47.591727818;158;112;03:29:00;1.57;МТЗ (КЗ);3785;2880;136;ясно;25;0.3;текущий;1;3;3;Зима;1
129;2025-02-01 01:58:09.526350900;158;113;23:37:00;5.38;Плановый ремонт;896;2772;391;облачно;19;11.5;аварийный;2;5;23;Зима;1
130;2025-02-01 07:47:49.913275517;105;20;16:11:00;1.01;Повреждение кабеля;4465;1583;292;облачно;10;4.8;текущий;2;5;16;Зима;1
131;2025-02-01 13:37:30.300200133;3;10;04:22:00;4.44;МТЗ (перегруз);3763;1629;320;ясно;-17;11.4;текущий;2;5;4;Зима;1
133;2025-02-02 01:16:51.074049366;15;95;16:04:00;6.66;Авария;4479;1918;375;гроза;8;2.7;аварийный;2;6;16;Зима;1
137;2025-02-03 00:35:32.621747832;5;14;02:20:00;1.57;МТЗ (перегруз);127;2631;131;ясно;16;5.9;плановый;2;0;2;Зима;1
138;2025-02-03 06:25:13.008672448;15;32;18:37:00;4.36;МТЗ (КЗ);1042;2722;144;снег;29;8.0;аварийный;2;0;18;Зима;1
139;2025-02-03 12:14:53.395597064;2;179;05:05:00;2.73;Обрыв провода;2085;487;230;облачно;3;2.3;аварийный;2;0;5;Зима;1
140;2025-02-03 18:04:33.782521681;2;33;03:21:00;5.74;РПВ успешно;1915;2922;117;дождь;5;5.7;аварийный;2;0;3;Зима;1
145;2025-02-04 23:12:55.717144763;13;130;18:50:00;4.57;Обрыв провода;2166;1693;10;гроза;14;8.8;аварийный;2;1;18;Зима;1
148;2025-02-05 16:41:56.877918612;13;104;17:24:00;2.12;Обрыв провода;2780;365;495;облачно;30;0.3;текущий;2;2;17;Зима;1
150;2025-02-06 04:21:17.651767845;5;51;13:39:00;6.74;Плановый ремонт;1842;2871;100;гроза;20;2.8;плановый;2;3;13;Зима;1
151;2025-02-06 10:10:58.038692461;158;55;18:39:00;4.9;МТЗ (КЗ);1382;211;435;дождь;0;5.0;аварийный;2;3;18;Зима;1
154;2025-02-07 03:39:59.199466311;102;162;16:42:00;0.36;Плановый ремонт;1255;673;24;облачно;-20;0.5;аварийный;2;4;16;Зима;1
156;2025-02-07 15:19:19.973315543;7;156;17:20:00;4.17;Авария;3482;698;147;облачно;2;8.0;аварийный;2;4;17;Зима;1
157;2025-02-07 21:09:00.360240160;13;179;23:18:00;2.86;РПВ успешно;3426;438;476;облачно;14;8.8;аварийный;2;4;23;Зима;1
164;2025-02-09 13:56:43.068712475;3;157;22:38:00;6.05;МТЗ (КЗ);1951;2219;379;дождь;29;2.3;текущий;2;6;22;Зима;1
166;2025-02-10 01:36:03.842561707;2;67;23:22:00;5.41;МТЗ (перегруз);3360;2636;50;облачно;21;10.8;плановый;2;0;23;Зима;1
172;2025-02-11 12:34:06.164109406;15;55;15:17:00;0.2;МТЗ (перегруз);2248;156;111;ясно;10;9.6;текущий;2;1;15;Зима;1
175;2025-02-12 06:03:07.324883255;17;130;02:22:00;0.37;Повреждение опоры;854;943;255;облачно;8;12.9;аварийный;2;2;2;Зима;1
178;2025-02-12 23:32:08.485657104;15;120;13:22:00;6.42;МТЗ (КЗ);3236;2583;8;облачно;19;6.0;аварийный;2;2;13;Зима;1
180;2025-02-13 11:11:29.259506337;7;186;12:33:00;2.25;МТЗ (перегруз);2225;2099;355;облачно;8;8.3;текущий;2;3;12;Зима;1
182;2025-02-13 22:50:50.033355570;7;86;20:26:00;7.21;Повреждение опоры;4313;619;267;облачно;27;2.6;плановый;2;3;20;Зима;1
183;2025-02-14 04:40:30.420280186;11;190;13:01:00;1.41;Обрыв провода;2916;702;291;дождь;3;5.8;аварийный;2;4;13;Зима;1
184;2025-02-14 10:30:10.807204803;101;187;06:39:00;4.57;РПВ успешно;2761;767;405;дождь;7;4.0;текущий;2;4;6;Зима;1
185;2025-02-14 16:19:51.194129419;110;81;12:42:00;2.74;Обрыв провода;1574;2130;200;ясно;-25;7.4;текущий;2;4;12;Зима;1
186;2025-02-14 22:09:31.581054036;2;35;02:49:00;6.42;Повреждение кабеля;3599;111;353;ясно;11;1.4;плановый;2;4;2;Зима;1
187;2025-02-15 03:59:11.967978652;7;57;22:48:00;1.56;РПВ успешно;265;348;263;облачно;-9;9.9;текущий;2;5;22;Зима;1
189;2025-02-15 15:38:32.741827885;5;12;14:58:00;7.9;Плановый ремонт;96;787;15;снег;-3;8.3;аварийный;2;5;14;Зима;1
190;2025-02-15 21:28:13.128752501;17;117;06:08:00;1.62;МТЗ (перегруз);876;736;476;облачно;4;0.8;аварийный;2;5;6;Зима;1
194;2025-02-16 20:46:54.676450967;11;188;12:33:00;7.09;РПВ успешно;4328;373;38;ясно;23;8.1;текущий;2;6;12;Зима;1
197;2025-02-17 14:15:55.837224816;11;126;01:54:00;3.75;Авария;4396;768;268;облачно;6;14.0;аварийный;2;0;1;Зима;1
198;2025-02-17 20:05:36.224149433;13;190;16:28:00;0.4;РПВ успешно;321;1781;238;ясно;4;6.3;аварийный;2;0;16;Зима;1
200;2025-02-18 07:44:56.997998665;105;173;13:55:00;2.37;МТЗ (КЗ);4438;441;192;снег;-11;6.4;аварийный;2;1;13;Зима;1
202;2025-02-18 19:24:17.771847898;7;37;04:42:00;4.75;Авария;3465;20;61;облачно;-1;11.2;аварийный;2;1;4;Зима;1
203;2025-02-19 01:13:58.158772515;13;63;21:52:00;6.66;МТЗ (перегруз);4371;834;217;ясно;32;11.7;аварийный;2;2;21;Зима;1
204;2025-02-19 07:03:38.545697131;17;177;08:34:00;4.82;РПВ успешно;1964;2476;177;облачно;-9;2.3;плановый;2;2;8;Зима;1
205;2025-02-19 12:53:18.932621747;3;125;14:24:00;4.78;РПВ успешно;3731;1300;104;ясно;33;1.9;плановый;2;2;14;Зима;1
211;2025-02-20 23:51:21.254169446;3;124;14:37:00;2.15;Обрыв провода;963;463;36;ясно;-13;13.4;плановый;2;3;14;Зима;1
212;2025-02-21 05:41:01.641094062;13;62;18:57:00;4.61;Повреждение кабеля;3980;2006;236;дождь;-2;12.0;текущий;2;4;18;Зима;1
221;2025-02-23 10:08:05.123415610;9;45;18:30:00;6.62;МТЗ (перегруз);3558;1584;414;ясно;-24;12.5;текущий;2;6;18;Зима;1
222;2025-02-23 15:57:45.510340227;13;46;16:40:00;5.09;МТЗ (КЗ);4845;457;343;дождь;22;1.6;текущий;2;6;16;Зима;1
225;2025-02-24 09:26:46.671114076;11;79;04:28:00;6.33;МТЗ (перегруз);4629;1275;323;ясно;-9;11.6;текущий;2;0;4;Зима;1
227;2025-02-24 21:06:07.444963309;3;50;13:46:00;7.75;Обрыв провода;2478;2517;6;ясно;7;4.9;аварийный;2;0;13;Зима;1
230;2025-02-25 14:35:08.605737158;15;29;03:16:00;0.91;Повреждение опоры;3392;896;284;облачно;26;12.6;текущий;2;1;3;Зима;1
231;2025-02-25 20:24:48.992661774;9;27;02:16:00;7.71;МТЗ (перегруз);1038;30;302;облачно;33;14.5;текущий;2;1;2;Зима;1
232;2025-02-26 02:14:29.379586391;9;1;05:14:00;5.99;МТЗ (перегруз);3106;802;279;ясно;-11;7.1;текущий;2;2;5;Зима;1
233;2025-02-26 08:04:09.766511007;5;145;20:07:00;6.19;Повреждение опоры;4494;969;427;ясно;34;14.5;аварийный;2;2;20;Зима;1
235;2025-02-26 19:43:30.540360240;2;17;11:19:00;3.5;МТЗ (перегруз);1066;2783;116;облачно;-18;4.7;аварийный;2;2;11;Зима;1
236;2025-02-27 01:33:10.927284856;102;64;17:45:00;7.8;Обрыв провода;778;2858;101;снег;-15;7.2;аварийный;2;3;17;Зима;1
237;2025-02-27 07:22:51.314209473;5;46;14:15:00;3.91;МТЗ (перегруз);2770;723;423;ясно;34;1.1;текущий;2;3;14;Зима;1
239;2025-02-27 19:02:12.088058706;13;116;21:38:00;1.15;РПВ успешно;1759;2179;497;дождь;16;2.5;аварийный;2;3;21;Зима;1
242;2025-02-28 12:31:13.248832555;158;73;06:30:00;4.38;Обрыв провода;3961;1723;347;дождь;21;12.2;аварийный;2;4;6;Зима;1
250;2025-03-02 11:08:36.344229486;158;12;22:11:00;1.36;Повреждение опоры;2219;759;355;дождь;3;11.8;текущий;3;6;22;Весна;1
254;2025-03-03 10:27:17.891927952;3;105;02:27:00;1.68;Повреждение кабеля;402;912;331;ясно;-5;10.9;текущий;3;0;2;Весна;1
259;2025-03-04 15:35:39.826551034;101;179;08:35:00;0.33;МТЗ (КЗ);3861;2635;334;снег;-20;9.8;плановый;3;1;8;Весна;1
260;2025-03-04 21:25:20.213475650;13;12;02:44:00;3.78;Повреждение опоры;2964;803;7;облачно;4;2.7;аварийный;3;1;2;Весна;1
262;2025-03-05 09:04:40.987324883;152;166;12:40:00;2.05;Повреждение опоры;1696;23;230;ясно;-24;1.4;текущий;3;2;12;Весна;1
266;2025-03-06 08:23:22.535023349;101;168;11:55:00;3.23;МТЗ (перегруз);3516;639;269;ясно;3;5.1;плановый;3;3;11;Весна;1
268;2025-03-06 20:02:43.308872582;9;1;21:19:00;3.1;Повреждение кабеля;2784;2030;203;облачно;23;10.6;аварийный;3;3;21;Весна;1
272;2025-03-07 19:21:24.856571047;15;130;08:36:00;7.5;МТЗ (перегруз);1108;207;484;снег;-21;1.5;текущий;3;4;8;Весна;1
277;2025-03-09 00:29:46.791194129;5;50;06:30:00;2.11;РПВ успешно;968;1327;339;ясно;19;2.2;плановый;3;6;6;Весна;1
279;2025-03-09 12:09:07.565043362;152;129;22:07:00;1.33;МТЗ (перегруз);1568;95;174;облачно;29;14.7;аварийный;3;6;22;Весна;1
280;2025-03-09 17:58:47.951967978;102;145;07:46:00;4.61;МТЗ (перегруз);1913;354;301;снег;-25;3.2;текущий;3;6;7;Весна;1
283;2025-03-10 11:27:49.112741828;11;194;17:05:00;2.61;Повреждение опоры;4833;2838;72;ясно;5;11.1;плановый;3;0;17;Весна;1
292;2025-03-12 15:54:52.595063375;158;199;20:14:00;5.08;Повреждение кабеля;2240;926;402;ясно;-1;8.9;текущий;3;2;20;Весна;1
294;2025-03-13 03:34:13.368912608;9;99;07:45:00;5.18;Обрыв провода;3898;1036;84;снег;22;12.7;плановый;3;3;7;Весна;1
296;2025-03-13 15:13:34.142761841;152;48;04:14:00;4.32;Повреждение кабеля;993;2400;325;дождь;18;14.3;аварийный;3;3;4;Весна;1
297;2025-03-13 21:03:14.529686457;2;80;14:52:00;7.19;МТЗ (перегруз);764;60;270;ясно;-13;5.3;аварийный;3;3;14;Весна;1
299;2025-03-14 08:42:35.303535690;110;27;14:27:00;4.36;МТЗ (КЗ);1731;11;432;гроза;0;1.8;аварийный;3;4;14;Весна;1
301;2025-03-14 20:21:56.077384923;13;159;06:55:00;6.37;МТЗ (перегруз);85;1117;451;ясно;28;8.3;аварийный;3;4;6;Весна;1
307;2025-03-16 07:19:58.398932622;5;15;09:23:00;3.35;Повреждение опоры;2681;2209;207;облачно;1;11.7;аварийный;3;6;9;Весна;1
311;2025-03-17 06:38:39.946631087;110;183;17:04:00;1.43;Обрыв провода;1299;682;118;облачно;-4;0.4;текущий;3;0;17;Весна;1
314;2025-03-18 00:07:41.107404936;15;77;01:34:00;4.82;Повреждение кабеля;1627;2694;166;дождь;-15;14.9;аварийный;3;1;1;Весна;1
315;2025-03-18 05:57:21.494329553;7;102;09:31:00;2.27;МТЗ (перегруз);4889;1774;352;облачно;-17;4.9;аварийный;3;1;9;Весна;1
317;2025-03-18 17:36:42.268178786;101;60;01:59:00;6.42;МТЗ (перегруз);2873;1745;49;облачно;18;4.9;аварийный;3;1;1;Весна;1
324;2025-03-20 10:24:24.976651100;11;186;03:04:00;1.48;Повреждение кабеля;1066;320;207;облачно;4;6.8;текущий;3;3;3;Весна;1
329;2025-03-21 15:32:46.911274183;11;115;07:53:00;7.94;Плановый ремонт;413;2378;120;облачно;-6;9.4;аварийный;3;4;7;Весна;1
331;2025-03-22 03:12:07.685123415;11;38;19:33:00;0.6;МТЗ (перегруз);1651;2418;340;ясно;31;8.3;аварийный;3;5;19;Весна;1
340;2025-03-24 07:39:11.167444963;17;49;09:37:00;6.56;МТЗ (КЗ);3337;1703;461;дождь;-10;3.2;плановый;3;0;9;Весна;1
342;2025-03-24 19:18:31.941294196;9;130;02:17:00;7.66;РПВ успешно;4411;1570;449;ясно;28;4.7;текущий;3;0;2;Весна;1
343;2025-03-25 01:08:12.328218812;158;125;19:02:00;7.63;Повреждение опоры;2579;2974;481;облачно;-11;14.4;текущий;3;1;19;Весна;1
349;2025-03-26 12:06:14.649766511;158;160;10:01:00;5.24;МТЗ (перегруз);2003;2835;344;ясно;-15;11.3;текущий;3;2;10;Весна;1
350;2025-03-26 17:55:55.036691127;2;83;08:34:00;0.69;Обрыв провода;3615;892;262;облачно;34;9.3;текущий;3;2;8;Весна;1
351;2025-03-26 23:45:35.423615744;152;103;19:28:00;5.03;РПВ успешно;3352;1518;115;облачно;9;5.5;аварийный;3;2;19;Весна;1
355;2025-03-27 23:04:16.971314209;102;62;20:53:00;6.34;РПВ успешно;950;2122;12;ясно;24;9.4;аварийный;3;3;20;Весна;1
356;2025-03-28 04:53:57.358238826;110;188;10:20:00;6.77;МТЗ (перегруз);2607;1741;33;ясно;34;9.8;плановый;3;4;10;Весна;1
361;2025-03-29 10:02:19.292861908;101;120;08:40:00;5.54;МТЗ (КЗ);1170;251;313;ясно;14;6.9;текущий;3;5;8;Весна;1
366;2025-03-30 15:10:41.227484990;3;173;18:04:00;5.93;РПВ успешно;2198;1041;332;ясно;-3;10.7;аварийный;3;6;18;Весна;1
367;2025-03-30 21:00:21.614409606;3;17;04:19:00;5.93;МТЗ (КЗ);415;1684;435;дождь;-19;11.8;аварийный;3;6;4;Весна;1
371;2025-03-31 20:19:03.162108072;7;38;14:31:00;4.17;Плановый ремонт;3769;369;408;гроза;-11;3.1;аварийный;3;0;14;Весна;1
376;2025-04-02 01:27:25.096731154;102;10;20:35:00;2.41;Авария;2471;790;180;снег;-10;12.2;текущий;4;2;20;Весна;1
377;2025-04-02 07:17:05.483655770;17;17;07:17:00;1.87;МТЗ (КЗ);4991;2181;472;ясно;26;3.6;аварийный;4;2;7;Весна;1
378;2025-04-02 13:06:45.870580387;15;113;23:20:00;2.36;Повреждение опоры;88;2554;267;снег;-8;9.5;аварийный;4;2;23;Весна;1
382;2025-04-03 12:25:27.418278852;9;86;21:42:00;2.23;РПВ успешно;3587;779;28;облачно;26;12.3;аварийный;4;3;21;Весна;1
389;2025-04-05 05:13:10.126751167;105;23;06:43:00;5.13;Обрыв провода;411;2186;363;дождь;-25;4.2;аварийный;4;5;6;Весна;1
403;2025-04-08 14:48:35.543695797;5;162;20:56:00;5.46;Обрыв провода;3945;1134;185;ясно;-22;10.8;плановый;4;1;20;Весна;1
408;2025-04-09 19:56:57.478318879;158;174;03:59:00;6.37;МТЗ (перегруз);3240;2640;3;облачно;-23;1.0;текущий;4;2;3;Весна;1
414;2025-04-11 06:54:59.799866577;11;147;16:45:00;1.28;Повреждение кабеля;591;1347;485;ясно;10;7.8;аварийный;4;4;16;Весна;1
415;2025-04-11 12:44:40.186791194;2;113;22:32:00;0.8;МТЗ (перегруз);2860;485;250;дождь;31;14.0;текущий;4;4;22;Весна;1
419;2025-04-12 12:03:21.734489659;158;47;13:59:00;3.13;РПВ успешно;3521;846;499;ясно;24;2.5;текущий;4;5;13;Весна;1
425;2025-04-13 23:01:24.056037358;105;46;18:04:00;6.75;МТЗ (перегруз);2146;2974;73;снег;10;2.0;аварийный;4;6;18;Весна;1
431;2025-04-15 09:59:26.377585056;11;108;19:23:00;3.83;МТЗ (перегруз);1481;885;105;ясно;2;4.1;аварийный;4;1;19;Весна;1
437;2025-04-16 20:57:28.699132754;5;45;03:55:00;0.47;Повреждение кабеля;924;1474;20;облачно;7;11.6;аварийный;4;2;3;Весна;1
438;2025-04-17 02:47:09.086057372;3;148;23:14:00;7.07;МТЗ (КЗ);3787;2549;375;ясно;31;7.4;плановый;4;3;23;Весна;1
439;2025-04-17 08:36:49.472981988;2;165;23:48:00;3.77;Авария;4529;1941;444;ясно;24;10.8;аварийный;4;3;23;Весна;1
440;2025-04-17 14:26:29.859906604;158;33;16:23:00;1.01;Повреждение опоры;2140;1714;422;дождь;-9;9.2;аварийный;4;3;16;Весна;1
443;2025-04-18 07:55:31.020680454;158;112;01:09:00;3.75;МТЗ (КЗ);4782;597;343;дождь;12;12.1;аварийный;4;4;1;Весна;1
444;2025-04-18 13:45:11.407605070;17;49;06:20:00;1.4;МТЗ (КЗ);2841;2270;78;снег;2;3.8;плановый;4;4;6;Весна;1
449;2025-04-19 18:53:33.342228152;105;44;00:41:00;4.03;МТЗ (перегруз);1864;2658;378;ясно;-7;6.6;аварийный;4;5;0;Весна;1
450;2025-04-20 00:43:13.729152768;3;152;08:35:00;2.28;МТЗ (КЗ);4704;1977;237;облачно;16;6.7;текущий;4;6;8;Весна;1
451;2025-04-20 06:32:54.116077384;105;109;02:26:00;2.29;Авария;3026;2277;128;ясно;-18;13.4;текущий;4;6;2;Весна;1
452;2025-04-20 12:22:34.503002000;110;198;13:53:00;6.87;МТЗ (перегруз);4008;1162;62;облачно;27;10.0;текущий;4;6;13;Весна;1
453;2025-04-20 18:12:14.889926618;158;59;22:26:00;5.53;МТЗ (перегруз);2293;1949;417;ясно;-21;14.6;аварийный;4;6;22;Весна;1
454;2025-04-21 00:01:55.276851234;158;178;05:18:00;6.1;Авария;3040;1397;363;ясно;-2;7.4;плановый;4;0;5;Весна;1
456;2025-04-21 11:41:16.050700466;152;156;23:25:00;0.9;МТЗ (перегруз);1765;2603;40;дождь;-8;11.2;текущий;4;0;23;Весна;1
463;2025-04-23 04:28:58.759172782;102;66;02:39:00;0.13;Повреждение кабеля;2551;2258;147;ясно;-18;1.1;аварийный;4;2;2;Весна;1
466;2025-04-23 21:57:59.919946630;17;191;20:34:00;6.13;МТЗ (КЗ);509;560;392;дождь;-13;13.5;текущий;4;2;20;Весна;1
468;2025-04-24 09:37:20.693795864;9;91;01:55:00;3.1;МТЗ (перегруз);4646;849;189;ясно;4;12.0;аварийный;4;3;1;Весна;1
469;2025-04-24 15:27:01.080720480;3;88;13:25:00;7.73;МТЗ (перегруз);4138;92;109;снег;16;10.5;плановый;4;3;13;Весна;1
477;2025-04-26 14:04:24.176117412;152;61;03:39:00;2.18;МТЗ (перегруз);3497;2877;88;дождь;27;4.5;аварийный;4;5;3;Весна;1
479;2025-04-27 01:43:44.949966644;110;8;01:40:00;2.71;МТЗ (КЗ);3248;1288;182;облачно;23;4.3;аварийный;4;6;1;Весна;1
480;2025-04-27 07:33:25.336891260;15;50;20:20:00;0.6;Повреждение опоры;2036;2054;200;снег;-22;13.0;аварийный;4;6;20;Весна;1
482;2025-04-27 19:12:46.110740494;2;175;07:11:00;7.29;РПВ успешно;576;1906;146;снег;3;2.6;плановый;4;6;7;Весна;1
487;2025-04-29 00:21:08.045363576;110;150;11:44:00;7.77;МТЗ (КЗ);2057;1195;346;дождь;-25;4.0;аварийный;4;1;11;Весна;1
489;2025-04-29 12:00:28.819212808;13;12;05:25:00;7.27;МТЗ (перегруз);4507;450;92;облачно;9;2.9;текущий;4;1;5;Весна;1
490;2025-04-29 17:50:09.206137424;3;177;12:37:00;6.85;МТЗ (перегруз);1209;564;403;ясно;0;6.9;аварийный;4;1;12;Весна;1
491;2025-04-29 23:39:49.593062040;7;107;21:40:00;3.24;МТЗ (перегруз);4698;865;276;ясно;13;8.6;аварийный;4;1;21;Весна;1
493;2025-04-30 11:19:10.366911274;9;77;13:44:00;3.22;МТЗ (КЗ);3453;593;455;облачно;19;9.1;аварийный;4;2;13;Весна;1
497;2025-05-01 10:37:51.914609740;9;174;22:29:00;2.14;МТЗ (перегруз);1925;2907;145;ясно;4;12.0;текущий;5;3;22;Весна;1
498;2025-05-01 16:27:32.301534356;17;156;07:19:00;7.21;МТЗ (КЗ);2752;2098;422;облачно;3;10.2;аварийный;5;3;7;Весна;1
500;2025-05-02 04:06:53.075383588;102;51;21:08:00;4.94;Повреждение опоры;3205;2511;154;дождь;3;1.0;текущий;5;4;21;Весна;1
501;2025-05-02 09:56:33.462308206;101;169;11:34:00;3.65;МТЗ (перегруз);2048;1390;212;дождь;5;7.0;плановый;5;4;11;Весна;1
502;2025-05-02 15:46:13.849232822;152;182;10:17:00;3.29;МТЗ (перегруз);2170;2031;121;облачно;18;12.0;плановый;5;4;10;Весна;1
513;2025-05-05 07:52:38.105403602;152;7;03:36:00;7.13;МТЗ (КЗ);3269;1820;156;облачно;-8;9.6;аварийный;5;0;3;Весна;1
514;2025-05-05 13:42:18.492328218;15;139;16:48:00;5.45;Повреждение кабеля;979;1473;203;облачно;5;10.3;аварийный;5;0;16;Весна;1
516;2025-05-06 01:21:39.266177452;9;67;10:44:00;3.14;МТЗ (перегруз);4508;2505;474;ясно;24;4.7;аварийный;5;1;10;Весна;1
518;2025-05-06 13:01:00.040026684;7;125;04:41:00;3.06;РПВ успешно;835;2053;200;гроза;-13;9.1;аварийный;5;1;4;Весна;1
519;2025-05-06 18:50:40.426951300;158;68;04:36:00;3.88;РПВ успешно;414;830;378;дождь;-23;4.5;аварийный;5;1;4;Весна;1
520;2025-05-07 00:40:20.813875916;101;85;13:43:00;1.96;Повреждение опоры;4981;1532;384;облачно;-2;15.0;аварийный;5;2;13;Весна;1
522;2025-05-07 12:19:41.587725150;13;17;02:59:00;2.47;МТЗ (КЗ);3785;2819;274;ясно;-5;2.2;плановый;5;2;2;Весна;1
525;2025-05-08 05:48:42.748498998;9;117;01:10:00;2.89;РПВ успешно;2343;2452;486;ясно;-9;10.2;аварийный;5;3;1;Весна;1
526;2025-05-08 11:38:23.135423616;158;17;18:18:00;4.15;МТЗ (перегруз);4727;704;249;облачно;-15;3.0;текущий;5;3;18;Весна;1
538;2025-05-11 09:34:27.778519012;5;72;19:44:00;3.57;Повреждение опоры;3985;849;146;ясно;-23;6.7;текущий;5;6;19;Весна;1
541;2025-05-12 03:03:28.939292862;158;93;21:42:00;6.99;РПВ успешно;2417;135;276;ясно;-24;5.0;текущий;5;0;21;Весна;1
545;2025-05-13 02:22:10.486991328;7;113;07:06:00;0.12;МТЗ (перегруз);3413;34;36;дождь;11;0.1;плановый;5;1;7;Весна;1
550;2025-05-14 07:30:32.421614410;2;9;01:45:00;2.31;Повреждение кабеля;2064;1391;74;ясно;-23;9.5;текущий;5;2;1;Весна;1
552;2025-05-14 19:09:53.195463642;105;123;05:15:00;5.49;МТЗ (перегруз);4307;2379;449;дождь;30;4.4;аварийный;5;2;5;Весна;1
553;2025-05-15 00:59:33.582388258;3;120;22:26:00;0.27;РПВ успешно;3928;2378;400;облачно;27;0.5;аварийный;5;3;22;Весна;1
556;2025-05-15 18:28:34.743162108;2;23;09:09:00;6.59;РПВ успешно;709;169;369;ясно;2;3.5;аварийный;5;3;9;Весна;1
557;2025-05-16 00:18:15.130086724;15;191;03:12:00;7.34;Обрыв провода;1085;1960;461;снег;30;9.4;аварийный;5;4;3;Весна;1
560;2025-05-16 17:47:16.290860574;7;93;17:31:00;4.79;Плановый ремонт;867;1809;424;ясно;18;11.1;аварийный;5;4;17;Весна;1
561;2025-05-16 23:36:56.677785190;101;107;18:08:00;6.76;МТЗ (КЗ);868;2198;82;снег;22;14.0;текущий;5;4;18;Весна;1
562;2025-05-17 05:26:37.064709806;2;157;00:59:00;5.1;Обрыв провода;4168;244;12;ясно;-2;11.4;плановый;5;5;0;Весна;1
564;2025-05-17 17:05:57.838559038;152;84;18:18:00;5.19;МТЗ (перегруз);1174;1535;303;ясно;15;7.1;аварийный;5;5;18;Весна;1
567;2025-05-18 10:34:58.999332888;2;13;17:36:00;6.6;Повреждение опоры;4794;338;165;облачно;30;9.7;текущий;5;6;17;Весна;1
569;2025-05-18 22:14:19.773182120;5;8;06:35:00;5.93;МТЗ (КЗ);989;549;487;облачно;-25;13.4;аварийный;5;6;6;Весна;1
571;2025-05-19 09:53:40.547031354;158;54;09:52:00;2.21;Повреждение опоры;4703;1825;257;ясно;10;14.2;аварийный;5;0;9;Весна;1
575;2025-05-20 09:12:22.094729820;13;171;03:57:00;4.2;Повреждение кабеля;3973;128;155;ясно;-9;7.8;плановый;5;1;3;Весна;1
576;2025-05-20 15:02:02.481654436;152;170;14:29:00;3.01;МТЗ (перегруз);3512;1769;152;дождь;32;3.3;текущий;5;1;14;Весна;1
586;2025-05-23 01:18:46.350900600;13;59;03:39:00;0.62;МТЗ (перегруз);2707;1259;411;облачно;34;7.1;аварийный;5;4;3;Весна;1
593;2025-05-24 18:06:29.059372914;5;17;11:06:00;1.21;Повреждение кабеля;510;2513;359;снег;5;10.1;аварийный;5;5;11;Весна;1
596;2025-05-25 11:35:30.220146764;11;57;14:30:00;5.69;МТЗ (перегруз);1826;2062;83;облачно;-15;0.7;аварийный;5;6;14;Весна;1
606;2025-05-27 21:52:14.089392928;17;3;05:28:00;3.9;Плановый ремонт;669;2388;332;облачно;5;3.6;плановый;5;1;5;Весна;1
607;2025-05-28 03:41:54.476317544;105;48;23:58:00;7.85;РПВ успешно;406;1634;273;облачно;29;3.2;аварийный;5;2;23;Весна;1
608;2025-05-28 09:31:34.863242160;11;115;01:16:00;7.69;РПВ успешно;979;1280;7;ясно;-18;11.6;аварийный;5;2;1;Весна;1
609;2025-05-28 15:21:15.250166778;9;39;16:58:00;7.69;Обрыв провода;135;146;420;ясно;11;5.7;текущий;5;2;16;Весна;1
611;2025-05-29 03:00:36.024016010;7;104;01:54:00;5.86;МТЗ (перегруз);2710;2946;348;облачно;-13;0.0;плановый;5;3;1;Весна;1
612;2025-05-29 08:50:16.410940626;2;155;01:50:00;4.01;РПВ успешно;4472;989;403;дождь;9;0.9;аварийный;5;3;1;Весна;1
613;2025-05-29 14:39:56.797865244;101;18;12:51:00;3.15;РПВ успешно;1155;2381;448;ясно;32;13.2;плановый;5;3;12;Весна;1
614;2025-05-29 20:29:37.184789860;9;41;08:04:00;0.38;МТЗ (перегруз);2451;1782;424;гроза;-21;10.8;текущий;5;3;8;Весна;1
618;2025-05-30 19:48:18.732488326;2;47;22:06:00;6.78;МТЗ (КЗ);4607;2189;278;облачно;-11;8.2;аварийный;5;4;22;Весна;1
619;2025-05-31 01:37:59.119412942;105;112;06:45:00;1.74;МТЗ (перегруз);320;2478;384;облачно;-2;12.4;аварийный;5;5;6;Весна;1
626;2025-06-01 18:25:41.827885256;110;23;12:04:00;3.2;РПВ успешно;4826;834;248;ясно;-20;0.8;плановый;6;6;12;Лето;1
627;2025-06-02 00:15:22.214809872;158;85;19:02:00;7.07;МТЗ (перегруз);2037;853;37;дождь;10;11.1;плановый;6;0;19;Лето;1
629;2025-06-02 11:54:42.988659106;15;101;15:26:00;2.24;МТЗ (перегруз);4641;1919;227;гроза;30;11.4;текущий;6;0;15;Лето;1
630;2025-06-02 17:44:23.375583722;9;31;09:09:00;0.26;МТЗ (КЗ);4399;530;464;гроза;-16;7.2;аварийный;6;0;9;Лето;1
633;2025-06-03 11:13:24.536357572;152;102;16:00:00;5.7;МТЗ (перегруз);1154;2546;382;дождь;14;2.7;аварийный;6;1;16;Лето;1
635;2025-06-03 22:52:45.310206804;7;167;16:33:00;6.48;МТЗ (перегруз);4727;271;339;гроза;-23;1.8;текущий;6;1;16;Лето;1
639;2025-06-04 22:11:26.857905270;7;15;03:31:00;3.16;Плановый ремонт;418;860;42;дождь;14;12.0;текущий;6;2;3;Лето;1
641;2025-06-05 09:50:47.631754502;3;59;18:05:00;4.42;Авария;2436;2250;452;дождь;-20;1.8;плановый;6;3;18;Лето;1
644;2025-06-06 03:19:48.792528352;9;89;19:30:00;2.55;МТЗ (КЗ);3143;892;312;дождь;-19;4.7;плановый;6;4;19;Лето;1
648;2025-06-07 02:38:30.340226818;3;124;00:48:00;0.26;МТЗ (КЗ);1974;149;400;снег;-21;11.0;аварийный;6;5;0;Лето;1
649;2025-06-07 08:28:10.727151434;9;33;17:47:00;2.73;Повреждение кабеля;1523;2616;166;снег;-13;11.8;текущий;6;5;17;Лето;1
650;2025-06-07 14:17:51.114076050;2;147;21:28:00;0.9;МТЗ (КЗ);2811;370;56;ясно;3;14.7;аварийный;6;5;21;Лето;1
654;2025-06-08 13:36:32.661774516;110;169;16:26:00;4.21;МТЗ (перегруз);2484;787;97;облачно;-10;9.5;текущий;6;6;16;Лето;1
656;2025-06-09 01:15:53.435623748;2;39;14:37:00;0.64;МТЗ (КЗ);2245;412;83;ясно;-24;4.0;аварийный;6;0;14;Лето;1
658;2025-06-09 12:55:14.209472982;7;73;00:31:00;4.92;МТЗ (КЗ);4245;1092;257;снег;-25;1.8;аварийный;6;0;0;Лето;1
660;2025-06-10 00:34:34.983322214;105;48;20:58:00;6.2;Повреждение кабеля;2511;34;492;облачно;23;5.8;плановый;6;1;20;Лето;1
663;2025-06-10 18:03:36.144096064;5;46;09:31:00;5.41;Авария;2754;851;369;дождь;24;1.4;текущий;6;1;9;Лето;1
666;2025-06-11 11:32:37.304869912;13;123;08:26:00;0.17;РПВ успешно;3906;52;376;облачно;24;10.7;аварийный;6;2;8;Лето;1
667;2025-06-11 17:22:17.691794530;2;111;19:46:00;0.33;МТЗ (КЗ);4214;2356;431;снег;-15;6.9;текущий;6;2;19;Лето;1
670;2025-06-12 10:51:18.852568378;2;138;17:37:00;3.13;РПВ успешно;2416;2646;173;ясно;12;11.1;текущий;6;3;17;Лето;1
672;2025-06-12 22:30:39.626417612;7;73;05:42:00;4.35;МТЗ (КЗ);2893;2922;181;снег;-8;11.8;аварийный;6;3;5;Лето;1
674;2025-06-13 10:10:00.400266844;11;168;03:49:00;5.23;Плановый ремонт;112;2569;138;облачно;-13;4.5;текущий;6;4;3;Лето;1
675;2025-06-13 15:59:40.787191460;158;88;03:27:00;0.93;Обрыв провода;3031;1787;120;ясно;12;1.7;текущий;6;4;3;Лето;1
683;2025-06-15 14:37:03.882588392;11;188;23:41:00;4.33;МТЗ (КЗ);3440;1923;51;снег;19;4.6;плановый;6;6;23;Лето;1
685;2025-06-16 02:16:24.656437624;7;177;09:57:00;7.53;Повреждение опоры;1286;2886;136;ясно;19;7.5;аварийный;6;0;9;Лето;1
693;2025-06-18 00:53:47.751834556;152;87;12:31:00;5.58;МТЗ (перегруз);3368;606;449;облачно;18;7.7;аварийный;6;2;12;Лето;1
694;2025-06-18 06:43:28.138759172;101;126;10:31:00;7.14;МТЗ (перегруз);1723;2040;114;ясно;-17;3.2;аварийный;6;2;10;Лето;1
695;2025-06-18 12:33:08.525683788;17;127;18:53:00;1.83;Авария;2460;1542;136;облачно;7;8.1;текущий;6;2;18;Лето;1
697;2025-06-19 00:12:29.299533022;102;98;18:12:00;6.98;Повреждение кабеля;4065;248;204;облачно;27;1.8;аварийный;6;3;18;Лето;1
698;2025-06-19 06:02:09.686457638;7;17;06:12:00;3.2;Плановый ремонт;866;1136;308;дождь;-9;12.9;текущий;6;3;6;Лето;1
701;2025-06-19 23:31:10.847231488;7;124;15:24:00;5.88;Повреждение кабеля;1897;514;85;дождь;25;1.9;аварийный;6;3;15;Лето;1
707;2025-06-21 10:29:13.168779186;15;30;07:17:00;7.22;МТЗ (перегруз);3857;2591;5;ясно;31;11.1;плановый;6;5;7;Лето;1
713;2025-06-22 21:27:15.490326884;13;123;09:28:00;3.63;МТЗ (перегруз);255;1865;39;ясно;-22;7.0;текущий;6;6;9;Лето;1
716;2025-06-23 14:56:16.651100734;9;130;16:08:00;0.14;Повреждение опоры;3625;728;47;ясно;-18;6.4;текущий;6;0;16;Лето;1
718;2025-06-24 02:35:37.424949966;7;99;04:18:00;5.0;Обрыв провода;4728;1298;382;снег;3;2.4;аварийный;6;1;4;Лето;1
725;2025-06-25 19:23:20.133422280;13;13;10:53:00;3.15;РПВ успешно;1004;2443;93;снег;-16;7.6;аварийный;6;2;10;Лето;1
726;2025-06-26 01:13:00.520346898;102;178;11:50:00;6.59;Повреждение кабеля;433;2119;293;облачно;-23;14.1;текущий;6;3;11;Лето;1
727;2025-06-26 07:02:40.907271514;13;156;20:57:00;2.3;Повреждение кабеля;3000;1619;486;дождь;-11;11.7;текущий;6;3;20;Лето;1
728;2025-06-26 12:52:21.294196130;110;101;19:11:00;1.29;МТЗ (перегруз);3798;2632;21;ясно;-5;13.3;плановый;6;3;19;Лето;1
733;2025-06-27 18:00:43.228819212;3;157;06:39:00;5.37;МТЗ (перегруз);2428;1215;380;ясно;22;12.4;плановый;6;4;6;Лето;1
737;2025-06-28 17:19:24.776517678;9;163;14:15:00;3.35;МТЗ (перегруз);2556;2974;498;облачно;4;4.7;текущий;6;5;14;Лето;1
738;2025-06-28 23:09:05.163442294;158;159;13:23:00;5.03;Обрыв провода;3889;1268;441;облачно;-10;6.2;аварийный;6;5;13;Лето;1
740;2025-06-29 10:48:25.937291528;13;127;18:42:00;5.44;МТЗ (перегруз);2308;2912;407;ясно;8;5.1;текущий;6;6;18;Лето;1
741;2025-06-29 16:38:06.324216144;105;149;11:49:00;5.23;Повреждение опоры;3589;1954;13;ясно;-15;12.5;аварийный;6;6;11;Лето;1
743;2025-06-30 04:17:27.098065376;9;21;11:04:00;0.53;Повреждение кабеля;2954;1010;181;ясно;-7;11.2;плановый;6;0;11;Лето;1
745;2025-06-30 15:56:47.871914610;158;175;16:28:00;7.6;МТЗ (перегруз);4579;1145;416;облачно;17;6.8;аварийный;6;0;16;Лето;1
754;2025-07-02 20:23:51.354236156;9;108;07:42:00;0.51;МТЗ (перегруз);4441;935;208;облачно;26;3.7;текущий;7;2;7;Лето;1
762;2025-07-04 19:01:14.449633088;105;37;09:16:00;5.02;Авария;1280;2664;372;ясно;-6;5.2;аварийный;7;4;9;Лето;1
766;2025-07-05 18:19:55.997331554;15;11;01:49:00;3.39;МТЗ (перегруз);812;2333;49;ясно;-16;1.1;аварийный;7;5;1;Лето;1
769;2025-07-06 11:48:57.158105404;3;40;11:55:00;1.33;МТЗ (перегруз);241;913;92;ясно;34;12.4;аварийный;7;6;11;Лето;1
770;2025-07-06 17:38:37.545030020;13;36;04:25:00;6.49;МТЗ (перегруз);4311;2440;343;ясно;-3;1.5;плановый;7;6;4;Лето;1
773;2025-07-07 11:07:38.705803868;158;10;07:45:00;2.56;МТЗ (перегруз);3266;2792;478;ясно;29;0.9;аварийный;7;0;7;Лето;1
780;2025-07-09 03:55:21.414276184;17;167;12:16:00;6.14;Плановый ремонт;3852;1115;332;дождь;-14;7.2;плановый;7;2;12;Лето;1
784;2025-07-10 03:14:02.961974650;110;187;07:12:00;7.13;Повреждение опоры;1931;279;94;облачно;34;8.3;аварийный;7;3;7;Лето;1
786;2025-07-10 14:53:23.735823882;158;120;20:29:00;6.85;РПВ успешно;2835;729;405;облачно;12;14.5;текущий;7;3;20;Лето;1
787;2025-07-10 20:43:04.122748498;15;32;02:09:00;3.0;МТЗ (перегруз);876;1832;348;дождь;26;10.1;аварийный;7;3;2;Лето;1
788;2025-07-11 02:32:44.509673114;7;84;06:21:00;6.04;Повреждение кабеля;3035;285;499;дождь;28;4.0;текущий;7;4;6;Лето;1
789;2025-07-11 08:22:24.896597732;3;58;07:49:00;7.59;Плановый ремонт;377;1809;314;ясно;33;8.8;аварийный;7;4;7;Лето;1
802;2025-07-14 12:08:09.926617744;101;168;18:51:00;5.39;РПВ успешно;3485;2536;52;ясно;26;4.2;плановый;7;0;18;Лето;1
807;2025-07-15 17:16:31.861240826;17;140;00:44:00;0.98;Повреждение кабеля;121;1700;189;облачно;17;12.0;аварийный;7;1;0;Лето;1
809;2025-07-16 04:55:52.635090060;101;160;20:20:00;6.7;Плановый ремонт;4487;955;101;ясно;25;7.9;текущий;7;2;20;Лето;1
810;2025-07-16 10:45:33.022014676;9;88;16:20:00;7.7;Повреждение кабеля;1924;880;155;облачно;-20;10.2;аварийный;7;2;16;Лето;1
815;2025-07-17 15:53:54.956637758;9;164;12:51:00;5.46;РПВ успешно;1301;1280;187;гроза;32;4.2;аварийный;7;3;12;Лето;1
816;2025-07-17 21:43:35.343562374;11;129;09:17:00;7.93;РПВ успешно;4617;2427;387;ясно;1;1.4;аварийный;7;3;9;Лето;1
818;2025-07-18 09:22:56.117411608;15;25;01:02:00;2.05;РПВ успешно;3099;1106;281;облачно;14;8.7;плановый;7;4;1;Лето;1
821;2025-07-19 02:51:57.278185456;17;163;11:40:00;5.34;МТЗ (КЗ);2448;443;339;дождь;-22;4.7;текущий;7;5;11;Лето;1
822;2025-07-19 08:41:37.665110072;5;66;02:57:00;4.87;Повреждение опоры;677;1502;445;облачно;26;4.3;аварийный;7;5;2;Лето;1
823;2025-07-19 14:31:18.052034690;110;46;20:23:00;1.02;РПВ успешно;2722;884;111;ясно;-3;9.9;плановый;7;5;20;Лето;1
829;2025-07-21 01:29:20.373582388;101;61;04:57:00;4.66;РПВ успешно;4588;1270;357;ясно;-17;13.4;текущий;7;0;4;Лето;1
833;2025-07-22 00:48:01.921280854;2;90;12:58:00;6.01;РПВ успешно;781;615;456;ясно;32;6.5;аварийный;7;1;12;Лето;1
834;2025-07-22 06:37:42.308205470;110;89;11:00:00;3.72;МТЗ (перегруз);2208;2442;320;ясно;16;5.4;плановый;7;1;11;Лето;1
837;2025-07-23 00:06:43.468979318;3;190;14:16:00;2.69;МТЗ (перегруз);706;175;336;ясно;19;12.6;аварийный;7;2;14;Лето;1
843;2025-07-24 11:04:45.790527018;105;60;05:04:00;7.48;Повреждение кабеля;3126;995;19;ясно;33;9.8;плановый;7;3;5;Лето;1
846;2025-07-25 04:33:46.951300866;11;119;14:18:00;6.21;МТЗ (перегруз);2516;2476;402;ясно;9;6.0;плановый;7;4;14;Лето;1
850;2025-07-26 03:52:28.498999332;101;99;03:12:00;4.3;РПВ успешно;2006;2937;462;ясно;-22;8.3;аварийный;7;5;3;Лето;1
852;2025-07-26 15:31:49.272848566;7;28;12:01:00;4.5;МТЗ (перегруз);4937;180;158;гроза;19;12.5;аварийный;7;5;12;Лето;1
855;2025-07-27 09:00:50.433622414;105;30;09:37:00;4.3;Повреждение кабеля;2830;432;59;облачно;19;9.9;аварийный;7;6;9;Лето;1
857;2025-07-27 20:40:11.207471648;11;4;22:05:00;2.08;Повреждение опоры;1497;1923;95;ясно;-16;8.6;аварийный;7;6;22;Лето;1
858;2025-07-28 02:29:51.594396264;105;106;10:42:00;7.83;Авария;1525;2906;296;ясно;6;10.1;плановый;7;0;10;Лето;1
862;2025-07-29 01:48:33.142094728;9;3;08:59:00;1.61;РПВ успешно;890;1824;201;облачно;21;6.3;аварийный;7;1;8;Лето;1
865;2025-07-29 19:17:34.302868580;3;112;14:24:00;6.4;Обрыв провода;3615;1347;93;ясно;15;0.8;аварийный;7;1;14;Лето;1
866;2025-07-30 01:07:14.689793196;7;99;10:10:00;6.66;Плановый ремонт;3000;2560;208;ясно;-24;13.9;аварийный;7;2;10;Лето;1
867;2025-07-30 06:56:55.076717812;9;16;16:50:00;3.2;МТЗ (перегруз);1931;2713;261;дождь;17;4.6;аварийный;7;2;16;Лето;1
872;2025-07-31 12:05:17.011340892;9;79;07:06:00;1.14;РПВ успешно;4720;901;11;облачно;17;12.1;аварийный;7;3;7;Лето;1
873;2025-07-31 17:54:57.398265508;152;8;04:25:00;0.85;РПВ успешно;1934;85;100;ясно;-10;5.0;текущий;7;3;4;Лето;1
880;2025-08-02 10:42:40.106737824;152;64;04:26:00;7.3;РПВ успешно;4983;840;163;облачно;6;10.2;аварийный;8;5;4;Лето;1
881;2025-08-02 16:32:20.493662440;13;19;22:33:00;1.63;Повреждение кабеля;2631;701;435;ясно;-17;3.4;аварийный;8;5;22;Лето;1
882;2025-08-02 22:22:00.880587056;17;79;19:08:00;4.41;МТЗ (перегруз);3638;925;342;дождь;11;1.2;аварийный;8;5;19;Лето;1
884;2025-08-03 10:01:21.654436292;5;106;06:03:00;7.82;Обрыв провода;4529;172;440;облачно;5;4.3;аварийный;8;6;6;Лето;1
888;2025-08-04 09:20:03.202134756;101;96;15:15:00;1.69;Плановый ремонт;3228;2186;394;облачно;-22;9.0;текущий;8;0;15;Лето;1
889;2025-08-04 15:09:43.589059372;101;92;00:46:00;1.76;Обрыв провода;1181;2588;409;ясно;24;10.1;плановый;8;0;0;Лето;1
890;2025-08-04 20:59:23.975983988;7;27;16:53:00;4.86;Повреждение кабеля;2127;1629;165;ясно;6;3.4;текущий;8;0;16;Лето;1
891;2025-08-05 02:49:04.362908604;13;105;21:41:00;2.08;Повреждение кабеля;1310;194;467;дождь;1;11.0;аварийный;8;1;21;Лето;1
894;2025-08-05 20:18:05.523682456;11;90;08:09:00;0.74;МТЗ (КЗ);4933;69;65;облачно;34;10.9;аварийный;8;1;8;Лето;1
900;2025-08-07 07:16:07.845230152;2;24;20:09:00;4.42;Повреждение опоры;1801;683;127;снег;-4;2.1;текущий;8;3;20;Лето;1
901;2025-08-07 13:05:48.232154768;15;127;15:35:00;4.88;МТЗ (КЗ);3038;173;147;снег;-23;3.8;текущий;8;3;15;Лето;1
902;2025-08-07 18:55:28.619079384;152;196;20:39:00;1.11;МТЗ (КЗ);3839;719;395;ясно;19;12.6;аварийный;8;3;20;Лето;1
903;2025-08-08 00:45:09.006004000;17;44;16:40:00;3.74;РПВ успешно;2206;381;342;дождь;33;4.5;плановый;8;4;16;Лето;1
904;2025-08-08 06:34:49.392928620;105;17;18:45:00;0.2;РПВ успешно;985;2308;211;облачно;-17;8.3;плановый;8;4;18;Лето;1
908;2025-08-09 05:53:30.940627084;3;129;19:43:00;0.86;МТЗ (перегруз);4128;575;343;облачно;28;13.1;плановый;8;5;19;Лето;1
911;2025-08-09 23:22:32.101400932;17;129;16:01:00;5.41;Повреждение кабеля;2126;1145;434;ясно;34;1.9;текущий;8;5;16;Лето;1
919;2025-08-11 21:59:55.196797864;11;185;21:27:00;3.6;Повреждение кабеля;3975;1076;210;ясно;-18;14.5;аварийный;8;0;21;Лето;1
923;2025-08-12 21:18:36.744496332;105;39;18:11:00;3.85;МТЗ (перегруз);1852;2723;41;дождь;12;7.8;аварийный;8;1;18;Лето;1
927;2025-08-13 20:37:18.292194796;105;72;19:53:00;7.16;МТЗ (перегруз);3438;1954;395;дождь;20;5.1;плановый;8;2;19;Лето;1
933;2025-08-15 07:35:20.613742496;110;118;03:10:00;7.45;Повреждение кабеля;2620;1471;488;ясно;-3;4.8;текущий;8;4;3;Лето;1
934;2025-08-15 13:25:01.000667112;5;54;18:32:00;4.1;МТЗ (перегруз);847;357;272;ясно;20;5.3;аварийный;8;4;18;Лето;1
935;2025-08-15 19:14:41.387591728;3;179;05:41:00;4.95;Повреждение кабеля;293;515;421;облачно;-1;14.1;текущий;8;4;5;Лето;1
937;2025-08-16 06:54:02.161440960;7;185;06:47:00;4.7;МТЗ (КЗ);4965;682;0;ясно;34;2.4;текущий;8;5;6;Лето;1
938;2025-08-16 12:43:42.548365576;7;4;00:06:00;4.8;Повреждение опоры;4436;929;466;ясно;26;1.2;текущий;8;5;0;Лето;1
941;2025-08-17 06:12:43.709139424;105;47;03:36:00;0.74;Плановый ремонт;4107;2599;157;ясно;-24;9.5;плановый;8;6;3;Лето;1
943;2025-08-17 17:52:04.482988660;2;1;22:25:00;1.5;Обрыв провода;1785;2655;18;облачно;5;14.9;аварийный;8;6;22;Лето;1
945;2025-08-18 05:31:25.256837892;11;118;06:08:00;7.0;МТЗ (перегруз);1614;1194;234;ясно;-11;9.2;аварийный;8;0;6;Лето;1
946;2025-08-18 11:21:05.643762508;102;3;06:42:00;3.73;Обрыв провода;1259;2421;442;ясно;-15;12.4;текущий;8;0;6;Лето;1
947;2025-08-18 17:10:46.030687124;13;22;01:43:00;7.49;РПВ успешно;3306;1600;250;гроза;-12;2.5;аварийный;8;0;1;Лето;1
948;2025-08-18 23:00:26.417611740;101;9;12:21:00;0.57;Повреждение кабеля;3174;489;442;ясно;13;5.6;текущий;8;0;12;Лето;1
949;2025-08-19 04:50:06.804536356;105;83;09:27:00;2.03;РПВ успешно;2720;598;348;облачно;-18;4.1;аварийный;8;1;9;Лето;1
951;2025-08-19 16:29:27.578385588;105;45;07:22:00;4.21;Авария;2106;2391;332;ясно;-19;1.5;аварийный;8;1;7;Лето;1
952;2025-08-19 22:19:07.965310208;3;113;04:43:00;0.46;Плановый ремонт;1695;1745;439;облачно;24;2.5;аварийный;8;1;4;Лето;1
953;2025-08-20 04:08:48.352234824;15;169;03:56:00;0.57;Повреждение кабеля;1500;1563;189;ясно;-12;4.3;текущий;8;2;3;Лето;1
954;2025-08-20 09:58:28.739159440;11;179;23:26:00;6.15;МТЗ (КЗ);4613;2789;480;ясно;31;1.5;плановый;8;2;23;Лето;1
957;2025-08-21 03:27:29.899933288;15;173;12:04:00;0.87;МТЗ (перегруз);416;2907;65;облачно;19;7.1;плановый;8;3;12;Лето;1
958;2025-08-21 09:17:10.286857904;102;111;22:10:00;6.77;МТЗ (КЗ);4519;2614;427;облачно;-25;6.1;плановый;8;3;22;Лето;1
959;2025-08-21 15:06:50.673782520;158;19;17:11:00;5.87;МТЗ (КЗ);748;1322;402;облачно;26;13.0;аварийный;8;3;17;Лето;1
961;2025-08-22 02:46:11.447631752;105;168;15:37:00;3.28;РПВ успешно;4129;428;443;гроза;-18;2.4;плановый;8;4;15;Лето;1
965;2025-08-23 02:04:52.995330220;2;115;22:42:00;5.64;РПВ успешно;540;1888;462;ясно;31;3.0;аварийный;8;5;22;Лето;1
966;2025-08-23 07:54:33.382254836;3;115;14:39:00;2.11;РПВ успешно;2437;2404;133;ясно;27;8.5;текущий;8;5;14;Лето;1
970;2025-08-24 07:13:14.929953300;152;117;16:27:00;4.16;МТЗ (КЗ);1571;306;133;снег;12;1.4;аварийный;8;6;16;Лето;1
971;2025-08-24 13:02:55.316877916;105;117;02:32:00;0.82;Повреждение кабеля;1314;1917;380;ясно;9;13.4;аварийный;8;6;2;Лето;1
972;2025-08-24 18:52:35.703802536;11;126;10:33:00;7.14;РПВ успешно;4868;537;181;снег;-25;4.9;аварийный;8;6;10;Лето;1
973;2025-08-25 00:42:16.090727152;3;183;17:33:00;3.54;РПВ успешно;2118;1667;69;облачно;22;2.7;текущий;8;0;17;Лето;1
977;2025-08-26 00:00:57.638425616;13;73;14:03:00;5.23;Повреждение кабеля;1461;281;142;ясно;26;10.6;текущий;8;1;14;Лето;1
981;2025-08-26 23:19:39.186124080;13;74;08:07:00;5.14;МТЗ (КЗ);4666;999;116;ясно;11;2.1;плановый;8;1;8;Лето;1
984;2025-08-27 16:48:40.346897932;3;73;19:06:00;2.57;МТЗ (КЗ);840;1648;295;дождь;-5;14.0;аварийный;8;2;19;Лето;1
990;2025-08-29 03:46:42.668445628;102;153;12:57:00;4.64;МТЗ (перегруз);1655;2755;98;облачно;28;4.7;текущий;8;4;12;Лето;1
992;2025-08-29 15:26:03.442294864;15;111;15:23:00;6.62;Обрыв провода;1565;2240;269;ясно;12;9.6;аварийный;8;4;15;Лето;1
995;2025-08-30 08:55:04.603068712;105;72;17:27:00;4.84;РПВ успешно;1346;2230;460;снег;-16;11.5;аварийный;8;5;17;Лето;1
999;2025-08-31 08:13:46.150767176;101;174;23:10:00;4.13;МТЗ (перегруз);3603;1317;386;ясно;-12;6.7;аварийный;8;6;23;Лето;1
1001;2025-08-31 19:53:06.924616412;9;72;18:19:00;2.39;Обрыв провода;1694;2726;190;ясно;28;3.8;плановый;8;6;18;Лето;1
1002;2025-09-01 01:42:47.311541028;3;7;00:26:00;1.82;МТЗ (перегруз);3208;1156;330;облачно;7;2.8;текущий;9;0;0;Осень;1
1009;2025-09-02 18:30:30.020013340;110;14;15:30:00;1.22;МТЗ (КЗ);3749;2720;337;облачно;-12;4.9;аварийный;9;1;15;Осень;1
1012;2025-09-03 11:59:31.180787192;17;131;14:12:00;2.46;Обрыв провода;401;1734;415;гроза;26;8.2;плановый;9;2;14;Осень;1
1021;2025-09-05 16:26:34.663108740;3;91;21:01:00;0.68;Повреждение кабеля;3689;349;84;облачно;-4;2.9;плановый;9;4;21;Осень;1
1025;2025-09-06 15:45:16.210807204;102;132;20:38:00;2.63;РПВ успешно;3781;2505;15;ясно;11;3.1;аварийный;9;5;20;Осень;1
1026;2025-09-06 21:34:56.597731820;5;107;03:21:00;6.77;Обрыв провода;1512;166;421;дождь;7;10.9;плановый;9;5;3;Осень;1
1028;2025-09-07 09:14:17.371581052;110;125;17:26:00;3.06;Повреждение кабеля;2381;2163;104;дождь;34;14.9;аварийный;9;6;17;Осень;1
1029;2025-09-07 15:03:57.758505668;7;56;16:12:00;0.74;РПВ успешно;278;180;294;дождь;-9;12.9;плановый;9;6;16;Осень;1
1030;2025-09-07 20:53:38.145430288;7;98;03:02:00;6.48;МТЗ (КЗ);4615;202;67;гроза;26;12.9;аварийный;9;6;3;Осень;1
1035;2025-09-09 02:02:00.080053368;158;128;19:23:00;0.64;Авария;290;545;383;ясно;-7;6.4;аварийный;9;1;19;Осень;1
1036;2025-09-09 07:51:40.466977984;15;30;21:10:00;7.25;РПВ успешно;2651;2667;448;гроза;22;10.6;плановый;9;1;21;Осень;1
1042;2025-09-10 18:49:42.788525684;5;172;01:34:00;6.11;МТЗ (перегруз);3598;2767;420;ясно;-25;3.7;плановый;9;2;1;Осень;1
1043;2025-09-11 00:39:23.175450300;13;54;07:25:00;4.14;Обрыв провода;635;1737;170;ясно;33;13.3;аварийный;9;3;7;Осень;1
1044;2025-09-11 06:29:03.562374916;17;162;13:44:00;3.21;РПВ успешно;376;617;146;дождь;24;4.7;текущий;9;3;13;Осень;1
1048;2025-09-12 05:47:45.110073380;152;58;05:18:00;3.08;МТЗ (КЗ);4536;1077;26;ясно;-11;10.5;плановый;9;4;5;Осень;1
1049;2025-09-12 11:37:25.496997996;152;61;01:54:00;6.65;РПВ успешно;855;1367;412;ясно;-11;9.4;текущий;9;4;1;Осень;1
1064;2025-09-16 03:02:31.300867244;101;74;18:46:00;2.47;Повреждение кабеля;4201;729;40;облачно;1;10.7;аварийный;9;1;18;Осень;1
1070;2025-09-17 14:00:33.622414944;11;22;00:10:00;0.54;Повреждение кабеля;4572;50;428;облачно;20;4.5;аварийный;9;2;0;Осень;1
1072;2025-09-18 01:39:54.396264176;5;62;23:08:00;2.81;МТЗ (перегруз);2465;1127;167;дождь;-5;8.2;плановый;9;3;23;Осень;1
1075;2025-09-18 19:08:55.557038024;110;101;12:17:00;1.69;Плановый ремонт;206;744;131;гроза;-6;8.7;текущий;9;3;12;Осень;1
1076;2025-09-19 00:58:35.943962640;13;79;14:27:00;1.89;Обрыв провода;4874;1187;153;ясно;23;6.7;аварийный;9;4;14;Осень;1
1093;2025-09-23 04:03:02.521681120;7;118;15:15:00;3.66;Обрыв провода;3255;1945;147;ясно;15;3.3;аварийный;9;1;15;Осень;1
1096;2025-09-23 21:32:03.682454968;110;63;02:51:00;4.3;МТЗ (КЗ);1587;407;107;облачно;-14;14.4;текущий;9;1;2;Осень;1
1102;2025-09-25 08:30:06.004002668;7;87;14:12:00;5.34;Повреждение опоры;1349;1732;45;облачно;-14;10.5;плановый;9;3;14;Осень;1
1108;2025-09-26 19:28:08.325550368;102;12;19:58:00;4.95;МТЗ (КЗ);4625;1807;83;снег;17;1.3;аварийный;9;4;19;Осень;1
1110;2025-09-27 07:07:29.099399600;105;122;04:22:00;6.33;МТЗ (перегруз);1460;2150;453;ясно;-5;11.2;плановый;9;5;4;Осень;1
1115;2025-09-28 12:15:51.034022680;7;140;05:43:00;0.83;РПВ успешно;4779;1946;144;дождь;5;8.0;текущий;9;6;5;Осень;1
1117;2025-09-28 23:55:11.807871912;7;85;21:56:00;7.76;Обрыв провода;691;1114;329;облачно;-18;4.9;аварийный;9;6;21;Осень;1
1118;2025-09-29 05:44:52.194796532;11;73;01:07:00;2.31;МТЗ (перегруз);789;1555;468;дождь;-18;11.6;аварийный;9;0;1;Осень;1
1123;2025-09-30 10:53:14.129419612;15;167;19:23:00;3.16;МТЗ (КЗ);4555;1455;293;ясно;18;4.7;плановый;9;1;19;Осень;1
1124;2025-09-30 16:42:54.516344228;158;145;18:49:00;0.6;МТЗ (КЗ);119;2114;381;облачно;7;6.4;аварийный;9;1;18;Осень;1
1125;2025-09-30 22:32:34.903268844;11;48;09:26:00;2.12;Повреждение опоры;3915;34;330;дождь;31;0.8;плановый;9;1;9;Осень;1
1126;2025-10-01 04:22:15.290193460;2;33;20:01:00;2.17;МТЗ (КЗ);645;444;369;ясно;-8;5.0;аварийный;10;2;20;Осень;1
1127;2025-10-01 10:11:55.677118076;11;53;09:22:00;6.16;Авария;3307;1194;430;ясно;-1;4.3;текущий;10;2;9;Осень;1
1131;2025-10-02 09:30:37.224816544;101;140;23:33:00;0.54;РПВ успешно;4202;2169;4;ясно;28;3.7;аварийный;10;3;23;Осень;1
1135;2025-10-03 08:49:18.772515008;9;108;17:12:00;6.9;Повреждение кабеля;4427;1237;15;ясно;34;12.0;аварийный;10;4;17;Осень;1
1137;2025-10-03 20:28:39.546364240;110;77;08:52:00;2.6;Повреждение опоры;809;2696;262;дождь;6;4.5;текущий;10;4;8;Осень;1
1138;2025-10-04 02:18:19.933288860;158;65;03:10:00;5.6;Плановый ремонт;3784;1254;340;облачно;19;6.6;плановый;10;5;3;Осень;1
1139;2025-10-04 08:08:00.320213476;9;144;03:39:00;4.57;МТЗ (перегруз);4502;265;495;ясно;-17;8.1;плановый;10;5;3;Осень;1
1142;2025-10-05 01:37:01.480987324;15;77;06:41:00;3.96;Повреждение опоры;1115;431;323;облачно;-19;10.5;текущий;10;6;6;Осень;1
1144;2025-10-05 13:16:22.254836556;5;143;05:14:00;0.6;МТЗ (КЗ);4452;2579;395;гроза;5;9.6;текущий;10;6;5;Осень;1
1150;2025-10-07 00:14:24.576384256;105;63;22:33:00;6.07;МТЗ (КЗ);4574;443;206;ясно;-10;0.9;аварийный;10;1;22;Осень;1
1152;2025-10-07 11:53:45.350233488;7;17;15:58:00;0.55;РПВ успешно;4706;1479;293;дождь;-22;10.5;аварийный;10;1;15;Осень;1
1154;2025-10-07 23:33:06.124082720;3;126;14:30:00;6.03;МТЗ (КЗ);4072;698;379;ясно;31;12.0;плановый;10;1;14;Осень;1
1160;2025-10-09 10:31:08.445630420;5;124;16:11:00;4.44;МТЗ (КЗ);3984;216;150;гроза;11;6.0;текущий;10;3;16;Осень;1
1164;2025-10-10 09:49:49.993328884;110;100;19:51:00;7.79;МТЗ (перегруз);3882;2485;116;ясно;8;12.3;аварийный;10;4;19;Осень;1
1167;2025-10-11 03:18:51.154102736;7;138;09:37:00;2.88;Обрыв провода;1266;2661;368;ясно;-5;11.5;аварийный;10;5;9;Осень;1
1168;2025-10-11 09:08:31.541027352;7;185;19:39:00;3.48;МТЗ (перегруз);3605;1879;96;облачно;17;8.0;аварийный;10;5;19;Осень;1
1178;2025-10-13 19:25:15.410273516;11;5;23:20:00;4.68;МТЗ (КЗ);4164;1417;352;гроза;-23;12.3;аварийный;10;0;23;Осень;1
1182;2025-10-14 18:43:56.957971980;110;180;11:44:00;6.97;РПВ успешно;422;1530;86;дождь;-24;14.1;текущий;10;1;11;Осень;1
1187;2025-10-15 23:52:18.892595064;102;63;03:18:00;5.89;Авария;807;2820;454;облачно;10;1.5;аварийный;10;2;3;Осень;1
1188;2025-10-16 05:41:59.279519680;15;196;23:28:00;1.9;РПВ успешно;4159;1870;145;ясно;-7;9.2;аварийный;10;3;23;Осень;1
1190;2025-10-16 17:21:20.053368912;101;129;14:31:00;3.51;Обрыв провода;969;1733;418;облачно;-7;5.1;текущий;10;3;14;Осень;1
1191;2025-10-16 23:11:00.440293528;13;129;09:46:00;1.23;МТЗ (перегруз);4248;2949;341;облачно;20;1.2;текущий;10;3;9;Осень;1
1194;2025-10-17 16:40:01.601067376;3;54;01:06:00;3.17;МТЗ (перегруз);2490;2052;200;ясно;25;14.4;аварийный;10;4;1;Осень;1
1202;2025-10-19 15:17:24.696464308;110;125;05:54:00;0.49;МТЗ (КЗ);1208;1730;350;облачно;-21;10.7;аварийный;10;6;5;Осень;1
1210;2025-10-21 13:54:47.791861240;105;119;01:05:00;3.99;Авария;3300;427;43;облачно;-20;12.7;аварийный;10;1;1;Осень;1
1211;2025-10-21 19:44:28.178785856;158;86;09:50:00;0.67;МТЗ (перегруз);737;666;6;ясно;-24;1.9;аварийный;10;1;9;Осень;1
1212;2025-10-22 01:34:08.565710472;158;69;09:08:00;1.82;МТЗ (КЗ);2633;161;442;облачно;-22;3.6;аварийный;10;2;9;Осень;1
1214;2025-10-22 13:13:29.339559704;11;40;12:03:00;6.0;МТЗ (перегруз);1817;1274;354;облачно;-24;0.1;аварийный;10;2;12;Осень;1
1220;2025-10-24 00:11:31.661107404;7;140;23:04:00;5.57;Авария;1882;1858;180;облачно;-13;13.7;аварийный;10;4;23;Осень;1
1223;2025-10-24 17:40:32.821881252;105;120;04:25:00;4.68;Плановый ремонт;1979;1149;161;облачно;5;3.5;аварийный;10;4;4;Осень;1
1225;2025-10-25 05:19:53.595730488;110;185;01:49:00;3.62;РПВ успешно;1624;1590;394;ясно;-3;1.6;текущий;10;5;1;Осень;1
1228;2025-10-25 22:48:54.756504336;11;113;07:36:00;6.14;МТЗ (КЗ);2230;2843;165;ясно;11;6.5;аварийный;10;5;7;Осень;1
1230;2025-10-26 10:28:15.530353568;11;82;22:32:00;0.92;РПВ успешно;3789;2571;349;облачно;-10;1.6;текущий;10;6;22;Осень;1
1234;2025-10-27 09:46:57.078052032;7;155;06:41:00;7.21;МТЗ (перегруз);2550;480;475;облачно;-11;6.8;текущий;10;0;6;Осень;1
1238;2025-10-28 09:05:38.625750500;2;4;02:55:00;2.31;Плановый ремонт;1943;1475;202;дождь;-5;6.1;аварийный;10;1;2;Осень;1
1239;2025-10-28 14:55:19.012675116;110;111;17:58:00;5.21;МТЗ (перегруз);2768;2672;384;снег;12;8.8;аварийный;10;1;17;Осень;1
1240;2025-10-28 20:44:59.399599732;15;192;09:04:00;6.88;РПВ успешно;279;198;414;облачно;-14;6.0;плановый;10;1;9;Осень;1
1249;2025-10-31 01:12:02.881921280;152;15;15:00:00;0.19;МТЗ (перегруз);574;897;207;облачно;-5;13.0;текущий;10;4;15;Осень;1
1252;2025-10-31 18:41:04.042695128;5;139;07:07:00;3.62;Повреждение кабеля;535;2590;199;снег;-5;11.4;аварийный;10;4;7;Осень;1
1257;2025-11-01 23:49:25.977318212;7;138;21:15:00;6.97;МТЗ (перегруз);598;1375;326;облачно;14;1.9;текущий;11;5;21;Осень;1
1258;2025-11-02 05:39:06.364242828;17;14;20:32:00;4.38;МТЗ (КЗ);4748;225;460;ясно;25;3.9;плановый;11;6;20;Осень;1
1263;2025-11-03 10:47:28.298865908;7;46;01:24:00;6.1;Повреждение кабеля;3547;957;152;ясно;-23;9.0;аварийный;11;0;1;Осень;1
1265;2025-11-03 22:26:49.072715144;102;87;01:11:00;5.42;РПВ успешно;4681;1401;211;облачно;-9;6.5;аварийный;11;0;1;Осень;1
1267;2025-11-04 10:06:09.846564376;105;46;22:10:00;1.82;Повреждение кабеля;1886;2902;448;ясно;-16;11.4;текущий;11;1;22;Осень;1
1269;2025-11-04 21:45:30.620413608;101;182;14:15:00;4.63;МТЗ (КЗ);2802;1763;114;снег;-21;6.1;плановый;11;1;14;Осень;1
1270;2025-11-05 03:35:11.007338224;2;41;09:49:00;4.56;МТЗ (КЗ);4404;2064;48;снег;11;14.2;аварийный;11;2;9;Осень;1
1272;2025-11-05 15:14:31.781187456;110;117;03:31:00;5.45;МТЗ (КЗ);596;1145;285;ясно;31;8.6;текущий;11;2;3;Осень;1
1274;2025-11-06 02:53:52.555036692;105;22;23:42:00;5.9;Повреждение опоры;2165;2349;179;дождь;24;1.9;аварийный;11;3;23;Осень;1
1275;2025-11-06 08:43:32.941961308;110;128;11:38:00;0.24;МТЗ (перегруз);651;1630;272;снег;5;2.1;аварийный;11;3;11;Осень;1
1277;2025-11-06 20:22:53.715810540;15;142;00:34:00;1.89;МТЗ (перегруз);2053;1547;242;ясно;33;13.7;аварийный;11;3;0;Осень;1
1285;2025-11-08 19:00:16.811207472;13;106;08:48:00;2.1;МТЗ (перегруз);1102;2519;408;ясно;30;11.9;текущий;11;5;8;Осень;1
1286;2025-11-09 00:49:57.198132088;102;185;16:43:00;7.2;Плановый ремонт;1972;2683;61;ясно;12;0.3;плановый;11;6;16;Осень;1
1287;2025-11-09 06:39:37.585056704;7;112;05:12:00;2.19;Повреждение кабеля;1165;1085;292;ясно;8;11.9;аварийный;11;6;5;Осень;1
1290;2025-11-10 00:08:38.745830552;15;67;17:11:00;6.28;МТЗ (перегруз);3919;914;409;ясно;-23;9.4;аварийный;11;0;17;Осень;1
1291;2025-11-10 05:58:19.132755168;11;163;22:22:00;2.32;МТЗ (перегруз);858;181;63;дождь;21;13.9;аварийный;11;0;22;Осень;1
1296;2025-11-11 11:06:41.067378252;5;162;04:29:00;0.66;МТЗ (КЗ);3956;406;2;облачно;-2;6.5;текущий;11;1;4;Осень;1
1303;2025-11-13 03:54:23.775850568;3;180;13:43:00;7.0;МТЗ (перегруз);3747;500;254;ясно;4;7.6;аварийный;11;3;13;Осень;1
1309;2025-11-14 14:52:26.097398264;2;155;07:31:00;4.73;РПВ успешно;1969;2739;412;облачно;15;2.2;плановый;11;4;7;Осень;1
1310;2025-11-14 20:42:06.484322880;2;135;11:07:00;1.97;Повреждение кабеля;3062;1315;132;ясно;-13;0.4;текущий;11;4;11;Осень;1
1311;2025-11-15 02:31:46.871247496;102;117;15:12:00;7.97;РПВ успешно;802;2479;385;снег;20;13.6;аварийный;11;5;15;Осень;1
1315;2025-11-16 01:50:28.418945964;15;157;05:13:00;2.75;Авария;4056;1685;98;облачно;25;1.9;аварийный;11;6;5;Осень;1
1316;2025-11-16 07:40:08.805870580;13;138;20:54:00;1.84;МТЗ (перегруз);947;2978;268;снег;32;6.3;текущий;11;6;20;Осень;1
1317;2025-11-16 13:29:49.192795196;3;187;05:54:00;2.35;РПВ успешно;2420;624;328;ясно;-21;14.5;аварийный;11;6;5;Осень;1
1320;2025-11-17 06:58:50.353569044;13;12;12:40:00;2.71;МТЗ (перегруз);3220;1439;355;гроза;32;3.2;аварийный;11;0;12;Осень;1
1321;2025-11-17 12:48:30.740493660;11;95;09:40:00;0.26;Повреждение опоры;2161;764;257;ясно;-24;10.2;плановый;11;0;9;Осень;1
1322;2025-11-17 18:38:11.127418276;105;78;15:00:00;1.06;Повреждение кабеля;4035;1426;293;дождь;31;1.7;плановый;11;0;15;Осень;1
1323;2025-11-18 00:27:51.514342896;2;44;03:27:00;7.19;Плановый ремонт;4825;2563;243;ясно;13;11.9;аварийный;11;1;3;Осень;1
1326;2025-11-18 17:56:52.675116744;9;69;02:26:00;1.28;РПВ успешно;722;2480;93;ясно;25;14.4;аварийный;11;1;2;Осень;1
1327;2025-11-18 23:46:33.062041360;102;105;02:01:00;5.36;Повреждение опоры;1462;2749;428;снег;-6;7.5;аварийный;11;1;2;Осень;1
1332;2025-11-20 04:54:54.996664440;101;1;18:04:00;6.99;Повреждение кабеля;970;834;370;облачно;4;1.1;текущий;11;3;18;Осень;1
1333;2025-11-20 10:44:35.383589060;17;182;02:59:00;7.83;РПВ успешно;3593;1791;160;ясно;24;10.0;плановый;11;3;2;Осень;1
1334;2025-11-20 16:34:15.770513676;13;109;09:38:00;7.71;Плановый ремонт;777;889;302;облачно;14;10.8;аварийный;11;3;9;Осень;1
1338;2025-11-21 15:52:57.318212140;17;69;21:15:00;5.74;Повреждение опоры;4291;1808;3;облачно;34;4.3;аварийный;11;4;21;Осень;1
1339;2025-11-21 21:42:37.705136756;13;151;20:13:00;4.69;МТЗ (перегруз);450;2114;490;гроза;-12;7.9;текущий;11;4;20;Осень;1
1344;2025-11-23 02:50:59.639759840;3;18;08:32:00;7.48;Обрыв провода;1604;2788;325;дождь;11;7.9;текущий;11;6;8;Осень;1
1347;2025-11-23 20:20:00.800533688;7;189;16:15:00;5.55;Повреждение опоры;2113;1457;11;ясно;-5;14.5;аварийный;11;6;16;Осень;1
1348;2025-11-24 02:09:41.187458304;5;134;23:26:00;6.1;МТЗ (перегруз);3725;446;316;ясно;-6;11.6;аварийный;11;0;23;Осень;1
1350;2025-11-24 13:49:01.961307536;102;175;14:44:00;6.84;МТЗ (перегруз);3303;2871;254;дождь;-2;2.8;аварийный;11;0;14;Осень;1
1351;2025-11-24 19:38:42.348232152;15;164;15:23:00;7.56;Авария;2122;2345;115;облачно;-8;13.7;аварийный;11;0;15;Осень;1
1353;2025-11-25 07:18:03.122081388;158;106;21:18:00;1.7;МТЗ (перегруз);2032;442;495;облачно;4;4.5;аварийный;11;1;21;Осень;1
1354;2025-11-25 13:07:43.509006004;152;165;14:28:00;4.36;МТЗ (перегруз);3251;93;270;облачно;-4;14.0;текущий;11;1;14;Осень;1
1358;2025-11-26 12:26:25.056704468;13;139;04:17:00;1.43;РПВ успешно;1787;914;482;ясно;18;8.1;аварийный;11;2;4;Осень;1
1359;2025-11-26 18:16:05.443629084;11;75;06:24:00;5.97;Обрыв провода;4705;1119;148;ясно;18;0.2;текущий;11;2;6;Осень;1
1361;2025-11-27 05:55:26.217478316;3;9;18:34:00;0.54;МТЗ (перегруз);292;2810;336;дождь;8;13.3;аварийный;11;3;18;Осень;1
1368;2025-11-28 22:43:08.925950632;15;172;16:31:00;6.33;МТЗ (КЗ);3383;2907;343;облачно;-2;3.0;плановый;11;4;16;Осень;1
1369;2025-11-29 04:32:49.312875248;158;24;00:17:00;6.75;МТЗ (перегруз);4813;2437;198;облачно;8;7.8;аварийный;11;5;0;Осень;1
1378;2025-12-01 08:59:52.795196796;110;5;00:48:00;2.22;РПВ успешно;4832;1315;440;дождь;-19;10.6;аварийный;12;0;0;Зима;1
1379;2025-12-01 14:49:33.182121412;11;53;17:37:00;7.89;Обрыв провода;3233;2466;6;облачно;-21;8.3;аварийный;12;0;17;Зима;1
1380;2025-12-01 20:39:13.569046028;110;83;15:59:00;5.24;Повреждение опоры;2872;928;188;ясно;8;8.2;текущий;12;0;15;Зима;1
1383;2025-12-02 14:08:14.729819880;7;25;19:13:00;0.78;РПВ успешно;2216;344;335;ясно;-16;6.0;текущий;12;1;19;Зима;1
1387;2025-12-03 13:26:56.277518344;7;83;21:02:00;1.61;РПВ успешно;4915;2773;309;снег;33;4.5;текущий;12;2;21;Зима;1
1388;2025-12-03 19:16:36.664442960;5;111;01:28:00;4.44;РПВ успешно;4328;721;356;облачно;7;12.7;аварийный;12;2;1;Зима;1
1393;2025-12-05 00:24:58.599066044;3;32;04:16:00;3.51;Авария;4282;2433;86;ясно;-19;10.8;плановый;12;4;4;Зима;1
1395;2025-12-05 12:04:19.372915276;15;183;13:23:00;3.04;МТЗ (перегруз);1761;1041;294;облачно;23;2.5;текущий;12;4;13;Зима;1
1397;2025-12-05 23:43:40.146764508;102;96;14:43:00;6.8;Плановый ремонт;2405;1407;463;ясно;7;14.0;текущий;12;4;14;Зима;1
1400;2025-12-06 17:12:41.307538356;3;115;12:00:00;0.71;МТЗ (КЗ);1465;978;368;ясно;-15;7.0;аварийный;12;5;12;Зима;1
1401;2025-12-06 23:02:21.694462976;9;190;21:35:00;4.12;МТЗ (перегруз);873;2442;55;дождь;4;10.0;аварийный;12;5;21;Зима;1
1407;2025-12-08 10:00:24.016010672;3;58;06:11:00;0.18;МТЗ (перегруз);4376;883;61;гроза;14;14.3;плановый;12;0;6;Зима;1
1408;2025-12-08 15:50:04.402935288;2;36;23:43:00;2.0;РПВ успешно;1166;635;283;дождь;-11;2.5;текущий;12;0;23;Зима;1
1411;2025-12-09 09:19:05.563709140;3;112;13:26:00;4.25;Обрыв провода;2718;1064;228;гроза;17;1.6;аварийный;12;1;13;Зима;1
1418;2025-12-11 02:06:48.272181452;2;86;07:16:00;5.85;Повреждение кабеля;2434;819;203;ясно;1;4.9;аварийный;12;3;7;Зима;1
1422;2025-12-12 01:25:29.819879920;110;16;16:15:00;7.12;МТЗ (КЗ);4311;1583;180;ясно;10;0.7;аварийный;12;4;16;Зима;1
1424;2025-12-12 13:04:50.593729152;5;167;09:47:00;3.15;Плановый ремонт;451;984;223;ясно;18;7.0;аварийный;12;4;9;Зима;1
1425;2025-12-12 18:54:30.980653768;158;62;04:17:00;3.16;Обрыв провода;2853;1119;414;снег;30;7.4;аварийный;12;4;4;Зима;1
1428;2025-12-13 12:23:32.141427616;7;187;15:53:00;2.22;МТЗ (перегруз);2885;2748;333;облачно;24;15.0;текущий;12;5;15;Зима;1
1429;2025-12-13 18:13:12.528352232;9;54;11:33:00;0.49;МТЗ (перегруз);3111;2375;22;снег;-19;0.9;текущий;12;5;11;Зима;1
1430;2025-12-14 00:02:52.915276852;110;162;16:43:00;5.56;Плановый ремонт;876;1900;339;дождь;19;8.1;аварийный;12;6;16;Зима;1
1440;2025-12-16 10:19:36.784523016;158;40;18:02:00;3.91;Повреждение кабеля;4228;2360;261;ясно;22;14.3;аварийный;12;1;18;Зима;1
1441;2025-12-16 16:09:17.171447632;101;113;11:44:00;2.46;МТЗ (КЗ);3250;58;163;облачно;26;5.6;аварийный;12;1;11;Зима;1
1442;2025-12-16 21:58:57.558372248;101;93;06:32:00;7.87;Повреждение опоры;3450;44;446;ясно;2;13.7;плановый;12;1;6;Зима;1
1444;2025-12-17 09:38:18.332221480;101;140;01:06:00;0.82;Повреждение опоры;3006;1931;358;гроза;-15;11.1;текущий;12;2;1;Зима;1
1451;2025-12-19 02:26:01.040693796;3;77;04:01:00;1.94;МТЗ (перегруз);4087;582;25;ясно;13;13.0;аварийный;12;4;4;Зима;1
1452;2025-12-19 08:15:41.427618412;102;19;03:57:00;7.77;РПВ успешно;1646;1637;285;облачно;-1;10.4;текущий;12;4;3;Зима;1
1453;2025-12-19 14:05:21.814543028;7;92;10:32:00;2.61;РПВ успешно;1125;2523;488;дождь;1;8.3;аварийный;12;4;10;Зима;1
1454;2025-12-19 19:55:02.201467644;7;53;16:21:00;4.9;МТЗ (КЗ);1927;1709;5;облачно;-13;9.8;аварийный;12;4;16;Зима;1
1458;2025-12-20 19:13:43.749166108;101;149;13:15:00;6.62;МТЗ (перегруз);4558;1765;7;облачно;-1;9.9;плановый;12;5;13;Зима;1
1461;2025-12-21 12:42:44.909939960;101;91;12:32:00;2.37;МТЗ (перегруз);4522;1417;333;ясно;21;9.2;аварийный;12;6;12;Зима;1
1462;2025-12-21 18:32:25.296864576;17;12;11:28:00;7.23;МТЗ (КЗ);3462;66;342;ясно;-15;7.8;аварийный;12;6;11;Зима;1
1463;2025-12-22 00:22:05.683789192;11;198;03:23:00;6.28;МТЗ (перегруз);2252;1219;248;ясно;-20;10.1;текущий;12;0;3;Зима;1
1466;2025-12-22 17:51:06.844563040;3;51;23:47:00;4.24;Повреждение кабеля;4884;1139;192;дождь;10;4.3;аварийный;12;0;23;Зима;1
1467;2025-12-22 23:40:47.231487656;102;39;06:10:00;6.56;РПВ успешно;3267;323;183;ясно;5;8.8;аварийный;12;0;6;Зима;1
1468;2025-12-23 05:30:27.618412272;158;15;02:42:00;4.01;Плановый ремонт;2928;1236;270;ясно;2;13.4;текущий;12;1;2;Зима;1
1470;2025-12-23 17:09:48.392261508;102;82;19:40:00;1.51;МТЗ (перегруз);1116;2896;421;ясно;-21;4.4;текущий;12;1;19;Зима;1
1471;2025-12-23 22:59:28.779186124;102;148;22:20:00;6.08;МТЗ (КЗ);839;1674;285;ясно;-2;12.1;аварийный;12;1;22;Зима;1
1472;2025-12-24 04:49:09.166110740;17;55;12:15:00;5.11;МТЗ (КЗ);4851;1369;421;облачно;23;11.3;аварийный;12;2;12;Зима;1
1475;2025-12-24 22:18:10.326884588;7;156;10:02:00;0.67;Обрыв провода;4861;2488;41;дождь;6;7.2;текущий;12;2;10;Зима;1
1476;2025-12-25 04:07:50.713809204;13;122;09:01:00;2.51;МТЗ (перегруз);1016;317;90;ясно;8;12.8;текущий;12;3;9;Зима;1
1477;2025-12-25 09:57:31.100733820;105;100;07:44:00;0.88;МТЗ (перегруз);195;2773;361;снег;-17;2.3;текущий;12;3;7;Зима;1
1478;2025-12-25 15:47:11.487658436;152;16;00:50:00;0.7;Повреждение опоры;3246;1370;191;ясно;-18;1.3;плановый;12;3;0;Зима;1
1481;2025-12-26 09:16:12.648432288;5;152;23:03:00;5.35;Обрыв провода;2046;1435;252;ясно;-24;2.1;текущий;12;4;23;Зима;1
1487;2025-12-27 20:14:14.969979984;17;15;02:56:00;5.83;МТЗ (перегруз);2417;2610;214;ясно;-3;14.4;аварийный;12;5;2;Зима;1
1488;2025-12-28 02:03:55.356904600;102;191;08:59:00;0.6;РПВ успешно;2797;591;292;ясно;15;8.2;текущий;12;6;8;Зима;1
1491;2025-12-28 19:32:56.517678452;110;48;20:27:00;6.47;МТЗ (перегруз);4861;828;103;ясно;11;6.8;плановый;12;6;20;Зима;1
1492;2025-12-29 01:22:36.904603068;102;1;06:20:00;4.07;МТЗ (КЗ);3259;2162;33;дождь;22;8.5;аварийный;12;0;6;Зима;1
1493;2025-12-29 07:12:17.291527684;110;65;12:00:00;5.54;МТЗ (КЗ);589;2792;22;ясно;17;2.2;аварийный;12;0;12;Зима;1
1496;2025-12-30 00:41:18.452301532;13;123;16:46:00;7.67;Повреждение опоры;4862;2372;433;дождь;4;0.8;текущий;12;1;16;Зима;1
1499;2025-12-30 18:10:19.613075384;110;54;02:08:00;6.49;Повреждение опоры;851;52;73;гроза;-20;3.5;аварийный;12;1;2;Зима;1
